CREATE TABLE operational_bases (
    id        UUID PRIMARY KEY,
    icao_code VARCHAR(4)   UNIQUE NOT NULL,
    name      VARCHAR(100) NOT NULL
);

CREATE TABLE aircraft_types (
    id        UUID PRIMARY KEY,
    icao_code VARCHAR(4)   UNIQUE NOT NULL,
    name      VARCHAR(100) NOT NULL
);

CREATE TABLE aircraft (
    id                  UUID PRIMARY KEY,
    registration_number VARCHAR(15)  UNIQUE NOT NULL,
    created_at          TIMESTAMP    NOT NULL DEFAULT NOW(),
    aircraft_type_id    UUID         NOT NULL REFERENCES aircraft_types(id),
    operational_base_id UUID         NOT NULL REFERENCES operational_bases(id)
);

CREATE TABLE qualification (
    id          UUID PRIMARY KEY,
    value       VARCHAR(25) UNIQUE NOT NULL,
    label       VARCHAR(100)
);

CREATE TABLE pilot (
    id                  UUID PRIMARY KEY,
    name                VARCHAR(50) NOT NULL,
    surname             VARCHAR(50) NOT NULL,
    licence             VARCHAR(15),
    operational_base_id UUID REFERENCES operational_bases(id)
);

CREATE TABLE pilot_qualifications (
    id              SERIAL PRIMARY KEY,
    pilot_id        UUID NOT NULL REFERENCES pilot(id),
    qualification   UUID NOT NULL REFERENCES qualification(id),
    UNIQUE(pilot_id, qualification)
);

CREATE TABLE pilot_aircraft_types (
    id              SERIAL PRIMARY KEY,
    pilot_id        UUID NOT NULL REFERENCES pilot(id),
    aircraft_type   UUID NOT NULL REFERENCES aircraft_types(id),
    UNIQUE(pilot_id, aircraft_type)
);

CREATE TABLE flight (
    id                  UUID PRIMARY KEY,
    aircraft_id         UUID NOT NULL REFERENCES aircraft(id),
    pilot_id            UUID NOT NULL REFERENCES pilot(id),
    flight_start        TIMESTAMPTZ NOT NULL,
    flight_end          TIMESTAMPTZ NOT NULL,
    start_airport_id    UUID NOT NULL REFERENCES operational_bases(id),
    end_airport_id      UUID NOT NULL REFERENCES operational_bases(id),
    description         VARCHAR(100)
);

-- Seed: operational bases
INSERT INTO operational_bases (id, icao_code, name) VALUES
    ('a0000000-0000-0000-0000-000000000001', 'EPWA', 'Warsaw Chopin'),
    ('a0000000-0000-0000-0000-000000000002', 'EPKK', 'Krakow Balice'),
    ('a0000000-0000-0000-0000-000000000003', 'EPGD', 'Gdansk Lech Walesa'),
    ('a0000000-0000-0000-0000-000000000004', 'EPWR', 'Wrocław' ),
    ('a0000000-0000-0000-0000-000000000005', 'EPPO', 'Poznań');

-- Seed: aircraft types
INSERT INTO aircraft_types (id, icao_code, name) VALUES
    ('b0000000-0000-0000-0000-000000000001', 'B738', 'Boeing 737-800'),
    ('b0000000-0000-0000-0000-000000000002', 'A320', 'Airbus A320'),
    ('b0000000-0000-0000-0000-000000000003', 'AT76', 'ATR 72-600'),
    ('b0000000-0000-0000-0000-000000000004', 'C172', 'Cessna 172'),
    ('b0000000-0000-0000-0000-000000000005', 'C152', 'Cessna 152'),
    ('b0000000-0000-0000-0000-000000000006', 'PA28', 'Piper PA-28'),
    ('b0000000-0000-0000-0000-000000000007', 'DA40', 'Diamond DA40'),
    ('b0000000-0000-0000-0000-000000000008', 'DA42', 'Diamond DA42'),
    ('b0000000-0000-0000-0000-000000000009', 'BE90', 'Beechcraft King Air');

-- Seed: pilot
INSERT INTO pilot VALUES
    ('c0000000-0000-0000-0000-000000000001', 'Jan', 'Kowalski',
        'PL-CPL-12345', 'a0000000-0000-0000-0000-000000000001'),
    ('c0000000-0000-0000-0000-000000000002', 'Anna', 'Nowak',
        'PL-ATPL-67890', 'a0000000-0000-0000-0000-000000000002'),
    ('c0000000-0000-0000-0000-000000000003', 'Piotr', 'Wiśniewski',
     'PL-PPL-11111', 'a0000000-0000-0000-0000-000000000003'),
    ('c0000000-0000-0000-0000-000000000004', 'Katarzyna', 'Wójcik',
     'PL-CPL-22222', 'a0000000-0000-0000-0000-000000000001');

INSERT INTO qualification VALUES
    ('d0000000-0000-0000-0000-000000000001', 'PPL', 'PPL'),
    ('d0000000-0000-0000-0000-000000000002', 'CPL', 'CPL'),
    ('d0000000-0000-0000-0000-000000000003', 'ATPL', 'ATPL'),
    ('d0000000-0000-0000-0000-000000000004', 'IFR', 'IFR'),
    ('d0000000-0000-0000-0000-000000000005', 'Multi-Engine', 'ME'),
    ('d0000000-0000-0000-0000-000000000006', 'Night Rating', 'NR');

INSERT INTO pilot_qualifications (pilot_id, qualification) VALUES
    ('c0000000-0000-0000-0000-000000000001', 'd0000000-0000-0000-0000-000000000002'),
    ('c0000000-0000-0000-0000-000000000001', 'd0000000-0000-0000-0000-000000000004'),
    ('c0000000-0000-0000-0000-000000000001', 'd0000000-0000-0000-0000-000000000005'),
    ('c0000000-0000-0000-0000-000000000002', 'd0000000-0000-0000-0000-000000000004'),
    ('c0000000-0000-0000-0000-000000000002', 'd0000000-0000-0000-0000-000000000005'),
    ('c0000000-0000-0000-0000-000000000002', 'd0000000-0000-0000-0000-000000000003'),
    ('c0000000-0000-0000-0000-000000000002', 'd0000000-0000-0000-0000-000000000006'),
    ('c0000000-0000-0000-0000-000000000003', 'd0000000-0000-0000-0000-000000000001'),
    ('c0000000-0000-0000-0000-000000000004', 'd0000000-0000-0000-0000-000000000002'),
    ('c0000000-0000-0000-0000-000000000004', 'd0000000-0000-0000-0000-000000000004');


INSERT INTO pilot_aircraft_types (pilot_id, aircraft_type) VALUES
    ('c0000000-0000-0000-0000-000000000001', 'b0000000-0000-0000-0000-000000000004'),
    ('c0000000-0000-0000-0000-000000000001', 'b0000000-0000-0000-0000-000000000006'),
    ('c0000000-0000-0000-0000-000000000001', 'b0000000-0000-0000-0000-000000000007'),
    ('c0000000-0000-0000-0000-000000000002', 'b0000000-0000-0000-0000-000000000008'),
    ('c0000000-0000-0000-0000-000000000002', 'b0000000-0000-0000-0000-000000000009'),
    ('c0000000-0000-0000-0000-000000000003', 'b0000000-0000-0000-0000-000000000004'),
    ('c0000000-0000-0000-0000-000000000003', 'b0000000-0000-0000-0000-000000000005'),
    ('c0000000-0000-0000-0000-000000000004', 'b0000000-0000-0000-0000-000000000004'),
    ('c0000000-0000-0000-0000-000000000004', 'b0000000-0000-0000-0000-000000000007');

INSERT INTO aircraft VALUES
    ('e0000000-0000-0000-0000-000000000001', 'SP-KWA', NOW(),
        'b0000000-0000-0000-0000-000000000004', 'a0000000-0000-0000-0000-000000000001'),
    ('e0000000-0000-0000-0000-000000000002', 'SP-KKA', NOW(),
        'b0000000-0000-0000-0000-000000000008', 'a0000000-0000-0000-0000-000000000002'),
    ('e0000000-0000-0000-0000-000000000003', 'SP-GDA', NOW(),
        'b0000000-0000-0000-0000-000000000005', 'a0000000-0000-0000-0000-000000000003'),
    ('e0000000-0000-0000-0000-000000000004', 'SP-WRA', NOW(),
        'b0000000-0000-0000-0000-000000000004', 'a0000000-0000-0000-0000-000000000004'),
    ('e0000000-0000-0000-0000-000000000005', 'SP-POZ', NOW(),
        'b0000000-0000-0000-0000-000000000009', 'a0000000-0000-0000-0000-000000000005');

INSERT INTO flight VALUES
    ('f0000000-0000-0000-0000-000000000001', 'e0000000-0000-0000-0000-000000000001',
        'c0000000-0000-0000-0000-000000000001', '2026-05-09 10:00:00+02', '2026-05-09 13:00:00+02',
        'a0000000-0000-0000-0000-000000000001', 'a0000000-0000-0000-0000-000000000002',
        'Lot rejsowy Warszawa - Kraków'),
    ('f0000000-0000-0000-0000-000000000002', 'e0000000-0000-0000-0000-000000000003',
        'c0000000-0000-0000-0000-000000000001', '2026-05-09 14:00:00+02', '2026-05-09 17:00:00+02',
        'a0000000-0000-0000-0000-000000000002', 'a0000000-0000-0000-0000-000000000003',
        'Lot rejsowy Kraków - Gdańsk'),
    ('f0000000-0000-0000-0000-000000000003', 'e0000000-0000-0000-0000-000000000002',
        'c0000000-0000-0000-0000-000000000003', '2026-05-10 10:00:00+02', '2026-05-10 14:00:00+02',
        'a0000000-0000-0000-0000-000000000001', 'a0000000-0000-0000-0000-000000000004',
        'Lot rejsowy Warszawa - Wrocław'),
    ('f0000000-0000-0000-0000-000000000004', 'e0000000-0000-0000-0000-000000000002',
        'c0000000-0000-0000-0000-000000000003', '2026-05-12 10:00:00+02', '2026-05-12 13:00:00+02',
        'a0000000-0000-0000-0000-000000000004', 'a0000000-0000-0000-0000-000000000005',
        'Lot rejsowy Wrocław - Poznań'),
    ('f0000000-0000-0000-0000-000000000005', 'e0000000-0000-0000-0000-000000000001',
        'c0000000-0000-0000-0000-000000000002', '2026-05-13 08:00:00+02', '2026-05-13 11:00:00+02',
        'a0000000-0000-0000-0000-000000000002', 'a0000000-0000-0000-0000-000000000001',
        'Lot rejsowy Kraków - Warszawa');
